{
  "train_loss": [
    1.2245419490337373,
    0.02058109438179859,
    0.004761135013374899
  ],
  "val_loss": [
    0.07251283856616779,
    0.002753660844808275,
    0.001944457818436521
  ],
  "train_acc": [
    0.5914285714285714,
    1.0,
    1.0
  ],
  "val_acc": [
    1.0,
    1.0,
    1.0
  ],
  "val_f1": [
    1.0,
    1.0,
    1.0
  ]
}